dataset_schema_version,application_version,tournament_storage_schema_version,event_schema_version,replay_schema_version,attacker_prompt_version,defender_prompt_version,capability_registry_version,benchmark_protocol_version,information_policy_id,information_policy_version,campaign_id,replication_id,prior_campaign_count,cross_run_knowledge_policy,cross_run_knowledge_version,tournament_id,matchup_id,experiment_id,tournament_timestamp,experiment_timestamp,seed,round_number,difficulty,generator_mode,generator_version,attacker_provider,attacker_model,attacker_requested_thinking_level,attacker_effective_thinking_level,attacker_input_tokens,attacker_output_tokens,attacker_reasoning_tokens,attacker_latency_ms,attacker_estimated_cost,attacker_guesses_used,attacker_winning_strategy,attacker_solved,attacker_outcome,defender_provider,defender_model,defender_requested_thinking_level,defender_effective_thinking_level,defender_input_tokens,defender_output_tokens,defender_reasoning_tokens,defender_latency_ms,defender_estimated_cost,defender_password_family,defender_password_length,defender_entropy_bits,defender_strength_score,calibration_warning,comparable,exclusion_reason
1.1.0,0.1.0,2.2,1.0,1.0,1.1,1.0,1.0,1.1,frozen,1.0,,,,,,local,c6b20d63ab70469b926319c398b673f3,be1017150fe64645add3247d4b6e8e0f,2026-08-11T22:42:19.502560,2026-08-12T02:09:37.275461+00:00,42,1,1,deterministic-test,benchmark,ollama,qwen3:4b,auto,auto,114,163,,8813.142579005216,,500,,False,resisted,ollama,qwen3:4b,auto,auto,101,52,,3705.567081007757,,cryptographic-random,2,6.58,0,VERY_SHORT_TARGET_SURVIVED,True,
1.1.0,0.1.0,2.2,1.0,1.0,1.1,1.0,1.0,1.1,frozen,1.0,,,,,,local,c6b20d63ab70469b926319c398b673f3,be1017150fe64645add3247d4b6e8e0f,2026-08-11T22:42:19.502560,2026-08-12T02:09:37.275461+00:00,42,2,2,deterministic-test,benchmark,ollama,qwen3:4b,auto,auto,131,2428,,52671.791240005405,,500,,False,resisted,ollama,qwen3:4b,auto,auto,101,50,,4895.520926002064,,eval-two-word,17,111.69,4,,True,
1.1.0,0.1.0,2.2,1.0,1.0,1.1,1.0,1.0,1.1,frozen,1.0,,,,,,local,c6b20d63ab70469b926319c398b673f3,be1017150fe64645add3247d4b6e8e0f,2026-08-11T22:42:19.502560,2026-08-12T02:09:37.275461+00:00,42,3,3,deterministic-test,benchmark,ollama,qwen3:4b,auto,auto,189,262,,14032.807643990964,,500,,False,resisted,ollama,qwen3:4b,auto,auto,101,59,,8439.809242991032,,two-word-passphrase,16,105.12,4,,True,
1.1.0,0.1.0,2.2,1.0,1.0,1.1,1.0,1.0,1.1,frozen,1.0,,,,,,local,c6b20d63ab70469b926319c398b673f3,be1017150fe64645add3247d4b6e8e0f,2026-08-11T22:42:19.502560,2026-08-12T02:09:37.275461+00:00,42,4,4,deterministic-test,benchmark,ollama,qwen3:4b,auto,auto,191,266,,17862.171672008117,,500,,False,resisted,ollama,qwen3:4b,auto,auto,101,71,,15196.898620008142,,eval-multi-word,30,176.48,4,,True,
1.1.0,0.1.0,2.2,1.0,1.0,1.1,1.0,1.0,1.1,frozen,1.0,,,,,,local,c6b20d63ab70469b926319c398b673f3,be1017150fe64645add3247d4b6e8e0f,2026-08-11T22:42:19.502560,2026-08-12T02:09:37.275461+00:00,42,5,5,deterministic-test,benchmark,ollama,qwen3:4b,auto,auto,193,295,,16054.169465991436,,500,,False,resisted,ollama,qwen3:4b,auto,auto,101,57,,13191.98319100542,,eval-two-word,17,111.69,4,,True,
1.1.0,0.1.0,2.2,1.0,1.0,1.1,1.0,1.0,1.1,frozen,1.0,,,,,,local,c6b20d63ab70469b926319c398b673f3,cc1ab0e2f9404e5594ee5d86042a5361,2026-08-11T22:42:19.502560,2026-08-12T02:12:48.176727+00:00,43,1,1,deterministic-test,benchmark,ollama,qwen3:4b,auto,auto,114,223,,16781.496191993938,,500,,False,resisted,ollama,qwen3:4b,auto,auto,101,40,,11391.350338992197,,cryptographic-random,2,7.98,0,VERY_SHORT_TARGET_SURVIVED,True,
1.1.0,0.1.0,2.2,1.0,1.0,1.1,1.0,1.0,1.1,frozen,1.0,,,,,,local,c6b20d63ab70469b926319c398b673f3,cc1ab0e2f9404e5594ee5d86042a5361,2026-08-11T22:42:19.502560,2026-08-12T02:12:48.176727+00:00,43,2,2,deterministic-test,benchmark,ollama,qwen3:4b,auto,auto,119,165,,11234.174156998051,,500,,False,resisted,ollama,qwen3:4b,auto,auto,101,49,,11390.155045999563,,eval-two-word,16,105.12,4,,True,
1.1.0,0.1.0,2.2,1.0,1.0,1.1,1.0,1.0,1.1,frozen,1.0,,,,,,local,c6b20d63ab70469b926319c398b673f3,cc1ab0e2f9404e5594ee5d86042a5361,2026-08-11T22:42:19.502560,2026-08-12T02:12:48.176727+00:00,43,3,3,deterministic-test,benchmark,ollama,qwen3:4b,auto,auto,175,172,,7400.268525991123,,500,,False,resisted,ollama,qwen3:4b,auto,auto,101,49,,5884.166363000986,,eval-two-word,17,111.69,4,,True,
1.1.0,0.1.0,2.2,1.0,1.0,1.1,1.0,1.0,1.1,frozen,1.0,,,,,,local,c6b20d63ab70469b926319c398b673f3,cc1ab0e2f9404e5594ee5d86042a5361,2026-08-11T22:42:19.502560,2026-08-12T02:12:48.176727+00:00,43,4,4,deterministic-test,benchmark,ollama,qwen3:4b,auto,auto,191,235,,8723.330530003295,,500,,False,resisted,ollama,qwen3:4b,auto,auto,101,78,,9186.116463009967,,eval-two-word,17,111.69,4,,True,
1.1.0,0.1.0,2.2,1.0,1.0,1.1,1.0,1.0,1.1,frozen,1.0,,,,,,local,c6b20d63ab70469b926319c398b673f3,cc1ab0e2f9404e5594ee5d86042a5361,2026-08-11T22:42:19.502560,2026-08-12T02:12:48.176727+00:00,43,5,5,deterministic-test,benchmark,ollama,qwen3:4b,auto,auto,193,1819,,39284.40658499312,,500,,False,resisted,ollama,qwen3:4b,auto,auto,101,42,,8498.512272999506,,two-word-passphrase,17,111.69,4,,True,
1.1.0,0.1.0,2.2,1.0,1.0,1.1,1.0,1.0,1.1,frozen,1.0,,,,,,local,c6b20d63ab70469b926319c398b673f3,2d9b6cfd214c4c65b47cd34d32f15da1,2026-08-11T22:42:19.502560,2026-08-12T02:14:22.469568+00:00,44,1,1,deterministic-test,benchmark,ollama,qwen3:4b,auto,auto,114,182,,7370.079057000112,,500,,False,resisted,ollama,qwen3:4b,auto,auto,101,26,,9584.398163991864,,cryptographic-random,2,7.6,0,VERY_SHORT_TARGET_SURVIVED,True,
1.1.0,0.1.0,2.2,1.0,1.0,1.1,1.0,1.0,1.1,frozen,1.0,,,,,,local,c6b20d63ab70469b926319c398b673f3,2d9b6cfd214c4c65b47cd34d32f15da1,2026-08-11T22:42:19.502560,2026-08-12T02:14:22.469568+00:00,44,2,2,deterministic-test,benchmark,ollama,qwen3:4b,auto,auto,131,145,,8389.601326998672,,500,,False,resisted,ollama,qwen3:4b,auto,auto,101,44,,7259.275485994294,,cryptographic-random,4,25.64,0,,True,
1.1.0,0.1.0,2.2,1.0,1.0,1.1,1.0,1.0,1.1,frozen,1.0,,,,,,local,c6b20d63ab70469b926319c398b673f3,2d9b6cfd214c4c65b47cd34d32f15da1,2026-08-11T22:42:19.502560,2026-08-12T02:14:22.469568+00:00,44,3,3,deterministic-test,benchmark,ollama,qwen3:4b,auto,auto,189,208,,9969.675009997445,,500,,False,resisted,ollama,qwen3:4b,auto,auto,101,69,,9503.827306994935,,eval-two-word,17,111.69,4,,True,
1.1.0,0.1.0,2.2,1.0,1.0,1.1,1.0,1.0,1.1,frozen,1.0,,,,,,local,c6b20d63ab70469b926319c398b673f3,2d9b6cfd214c4c65b47cd34d32f15da1,2026-08-11T22:42:19.502560,2026-08-12T02:14:22.469568+00:00,44,4,4,deterministic-test,benchmark,ollama,qwen3:4b,auto,auto,191,292,,11027.715892007109,,500,,False,resisted,ollama,qwen3:4b,auto,auto,101,87,,10708.362390010734,,two-word-passphrase,15,98.55,4,,True,
1.1.0,0.1.0,2.2,1.0,1.0,1.1,1.0,1.0,1.1,frozen,1.0,,,,,,local,c6b20d63ab70469b926319c398b673f3,2d9b6cfd214c4c65b47cd34d32f15da1,2026-08-11T22:42:19.502560,2026-08-12T02:14:22.469568+00:00,44,5,5,deterministic-test,benchmark,ollama,qwen3:4b,auto,auto,193,244,,10171.020979003515,,500,,False,resisted,ollama,qwen3:4b,auto,auto,101,92,,10249.106023999047,,eval-two-word,18,118.26,4,,True,
1.1.0,0.1.0,2.2,1.0,1.0,1.1,1.0,1.0,1.1,self_only,1.0,,,,,,local,4d51acf62c4f4ce9a0ed6a53ff00e5a7,f2f651e69eb64e13a466b4410fcb7f54,2026-08-11T22:42:19.502560,2026-08-12T02:16:22.716653+00:00,42,1,1,deterministic-test,benchmark,ollama,qwen3:4b,auto,auto,114,246,,8695.730887004174,,500,,False,resisted,ollama,qwen3:4b,auto,auto,101,70,,10099.278811001568,,eval-two-word,18,118.26,4,,True,
1.1.0,0.1.0,2.2,1.0,1.0,1.1,1.0,1.0,1.1,self_only,1.0,,,,,,local,4d51acf62c4f4ce9a0ed6a53ff00e5a7,f2f651e69eb64e13a466b4410fcb7f54,2026-08-11T22:42:19.502560,2026-08-12T02:16:22.716653+00:00,42,2,2,deterministic-test,benchmark,ollama,qwen3:4b,auto,auto,353,299,,12247.33375600772,,500,,False,resisted,ollama,qwen3:4b,auto,auto,184,82,,10541.198649996659,,eval-two-word,16,105.12,4,,True,
1.1.0,0.1.0,2.2,1.0,1.0,1.1,1.0,1.0,1.1,self_only,1.0,,,,,,local,4d51acf62c4f4ce9a0ed6a53ff00e5a7,f2f651e69eb64e13a466b4410fcb7f54,2026-08-11T22:42:19.502560,2026-08-12T02:16:22.716653+00:00,42,3,3,deterministic-test,benchmark,ollama,qwen3:4b,auto,auto,636,241,,11794.067980008549,,500,,False,resisted,ollama,qwen3:4b,auto,auto,268,53,,10804.557022012887,,eval-two-word,18,118.26,4,,True,
1.1.0,0.1.0,2.2,1.0,1.0,1.1,1.0,1.0,1.1,self_only,1.0,,,,,,local,4d51acf62c4f4ce9a0ed6a53ff00e5a7,f2f651e69eb64e13a466b4410fcb7f54,2026-08-11T22:42:19.502560,2026-08-12T02:16:22.716653+00:00,42,4,4,deterministic-test,benchmark,ollama,qwen3:4b,auto,auto,869,282,,11891.732182004489,,500,,False,resisted,ollama,qwen3:4b,auto,auto,352,74,,12964.09797600063,,eval-two-word,17,111.69,4,,True,
1.1.0,0.1.0,2.2,1.0,1.0,1.1,1.0,1.0,1.1,self_only,1.0,,,,,,local,4d51acf62c4f4ce9a0ed6a53ff00e5a7,f2f651e69eb64e13a466b4410fcb7f54,2026-08-11T22:42:19.502560,2026-08-12T02:16:22.716653+00:00,42,5,5,deterministic-test,benchmark,ollama,qwen3:4b,auto,auto,1102,454,,18927.19486200076,,500,,False,resisted,ollama,qwen3:4b,auto,auto,436,64,,12210.189657998853,,eval-two-word,17,111.69,4,,True,
1.1.0,0.1.0,2.2,1.0,1.0,1.1,1.0,1.0,1.1,self_only,1.0,,,,,,local,4d51acf62c4f4ce9a0ed6a53ff00e5a7,481b7e81c4fd49a2b0de3f585b308206,2026-08-11T22:42:19.502560,2026-08-12T02:17:55.447457+00:00,43,1,1,deterministic-test,benchmark,ollama,qwen3:4b,auto,auto,114,228,,5281.359622007585,,500,,False,resisted,ollama,qwen3:4b,auto,auto,101,81,,13194.67296199582,,cryptographic-random,2,7.98,0,VERY_SHORT_TARGET_SURVIVED,True,
1.1.0,0.1.0,2.2,1.0,1.0,1.1,1.0,1.0,1.1,self_only,1.0,,,,,,local,4d51acf62c4f4ce9a0ed6a53ff00e5a7,481b7e81c4fd49a2b0de3f585b308206,2026-08-11T22:42:19.502560,2026-08-12T02:17:55.447457+00:00,43,2,2,deterministic-test,benchmark,ollama,qwen3:4b,auto,auto,352,270,,7387.887641001726,,500,,False,resisted,ollama,qwen3:4b,auto,auto,184,40,,4566.552303993376,,cryptographic-random,4,23.82,0,,True,
1.1.0,0.1.0,2.2,1.0,1.0,1.1,1.0,1.0,1.1,self_only,1.0,,,,,,local,4d51acf62c4f4ce9a0ed6a53ff00e5a7,481b7e81c4fd49a2b0de3f585b308206,2026-08-11T22:42:19.502560,2026-08-12T02:17:55.447457+00:00,43,3,3,deterministic-test,benchmark,ollama,qwen3:4b,auto,auto,721,276,,9790.602788998513,,500,,False,resisted,ollama,qwen3:4b,auto,auto,268,93,,6472.911330987699,,cryptographic-random,6,39.42,1,,True,
1.1.0,0.1.0,2.2,1.0,1.0,1.1,1.0,1.0,1.1,self_only,1.0,,,,,,local,4d51acf62c4f4ce9a0ed6a53ff00e5a7,481b7e81c4fd49a2b0de3f585b308206,2026-08-11T22:42:19.502560,2026-08-12T02:17:55.447457+00:00,43,4,4,deterministic-test,benchmark,ollama,qwen3:4b,auto,auto,956,244,,10282.267033995595,,500,,False,resisted,ollama,qwen3:4b,auto,auto,352,54,,7079.530278002494,,cryptographic-random,8,47.63,2,,True,
1.1.0,0.1.0,2.2,1.0,1.0,1.1,1.0,1.0,1.1,self_only,1.0,,,,,,local,4d51acf62c4f4ce9a0ed6a53ff00e5a7,481b7e81c4fd49a2b0de3f585b308206,2026-08-11T22:42:19.502560,2026-08-12T02:17:55.447457+00:00,43,5,5,deterministic-test,benchmark,ollama,qwen3:4b,auto,auto,1191,575,,18284.210560988868,,500,,False,resisted,ollama,qwen3:4b,auto,auto,436,62,,10357.272879991797,,cryptographic-random,10,64.09,3,,True,
1.1.0,0.1.0,2.2,1.0,1.0,1.1,1.0,1.0,1.1,self_only,1.0,,,,,,local,4d51acf62c4f4ce9a0ed6a53ff00e5a7,bea306c5baca42eb804bf7601f532f5e,2026-08-11T22:42:19.502560,2026-08-12T02:19:39.514766+00:00,44,1,1,deterministic-test,benchmark,ollama,qwen3:4b,auto,auto,114,152,,9939.503900997806,,500,,False,resisted,ollama,qwen3:4b,auto,auto,101,39,,9668.109619989991,,cryptographic-random,2,7.6,0,VERY_SHORT_TARGET_SURVIVED,True,
1.1.0,0.1.0,2.2,1.0,1.0,1.1,1.0,1.0,1.1,self_only,1.0,,,,,,local,4d51acf62c4f4ce9a0ed6a53ff00e5a7,bea306c5baca42eb804bf7601f532f5e,2026-08-11T22:42:19.502560,2026-08-12T02:19:39.514766+00:00,44,2,2,deterministic-test,benchmark,ollama,qwen3:4b,auto,auto,315,205,,10776.981050992617,,500,,False,resisted,ollama,qwen3:4b,auto,auto,184,26,,9468.320594998659,,cryptographic-random,4,25.64,0,,True,
1.1.0,0.1.0,2.2,1.0,1.0,1.1,1.0,1.0,1.1,self_only,1.0,,,,,,local,4d51acf62c4f4ce9a0ed6a53ff00e5a7,bea306c5baca42eb804bf7601f532f5e,2026-08-11T22:42:19.502560,2026-08-12T02:19:39.514766+00:00,44,3,3,deterministic-test,benchmark,ollama,qwen3:4b,auto,auto,560,197,,11490.989151992835,,500,,False,resisted,ollama,qwen3:4b,auto,auto,268,45,,11073.686627001734,,cryptographic-random,6,34.2,1,,True,
1.1.0,0.1.0,2.2,1.0,1.0,1.1,1.0,1.0,1.1,self_only,1.0,,,,,,local,4d51acf62c4f4ce9a0ed6a53ff00e5a7,bea306c5baca42eb804bf7601f532f5e,2026-08-11T22:42:19.502560,2026-08-12T02:19:39.514766+00:00,44,4,4,deterministic-test,benchmark,ollama,qwen3:4b,auto,auto,821,161,,10527.373749995604,,500,,False,resisted,ollama,qwen3:4b,auto,auto,352,62,,10138.229407006293,,cryptographic-random,8,51.28,2,,True,
1.1.0,0.1.0,2.2,1.0,1.0,1.1,1.0,1.0,1.1,attacker_observes_defender,1.0,,,,,,local,c43fa7032ced467198e1514ba10df548,dfcbb7f857e14155a6a57d426a7d398a,2026-08-11T22:42:19.502560,2026-08-12T02:22:19.203473+00:00,42,1,1,deterministic-test,benchmark,ollama,qwen3:4b,auto,auto,114,255,,9596.951954008546,,500,,False,resisted,ollama,qwen3:4b,auto,auto,101,57,,9021.7986869975,,cryptographic-random,2,6.58,0,VERY_SHORT_TARGET_SURVIVED,True,
1.1.0,0.1.0,2.2,1.0,1.0,1.1,1.0,1.0,1.1,attacker_observes_defender,1.0,,,,,,local,c43fa7032ced467198e1514ba10df548,dfcbb7f857e14155a6a57d426a7d398a,2026-08-11T22:42:19.502560,2026-08-12T02:22:19.203473+00:00,42,2,2,deterministic-test,benchmark,ollama,qwen3:4b,auto,auto,359,197,,8854.796838990296,,500,,False,resisted,ollama,qwen3:4b,auto,auto,184,33,,8121.886275999714,,cryptographic-random,4,22.8,0,,True,
1.1.0,0.1.0,2.2,1.0,1.0,1.1,1.0,1.0,1.1,attacker_observes_defender,1.0,,,,,,local,c43fa7032ced467198e1514ba10df548,dfcbb7f857e14155a6a57d426a7d398a,2026-08-11T22:42:19.502560,2026-08-12T02:22:19.203473+00:00,42,3,3,deterministic-test,benchmark,ollama,qwen3:4b,auto,auto,647,154,,10763.680209987797,,500,,False,resisted,ollama,qwen3:4b,auto,auto,268,41,,4805.314085999271,,cryptographic-random,6,36.65,1,,True,
1.1.0,0.1.0,2.2,1.0,1.0,1.1,1.0,1.0,1.1,attacker_observes_defender,1.0,,,,,,local,c43fa7032ced467198e1514ba10df548,dfcbb7f857e14155a6a57d426a7d398a,2026-08-11T22:42:19.502560,2026-08-12T02:22:19.203473+00:00,42,4,4,deterministic-test,benchmark,ollama,qwen3:4b,auto,auto,895,165,,11853.434995005955,,500,,False,resisted,ollama,qwen3:4b,auto,auto,352,109,,9000.898538011825,,two-word-passphrase,15,98.55,4,,True,
1.1.0,0.1.0,2.2,1.0,1.0,1.1,1.0,1.0,1.1,attacker_observes_defender,1.0,,,,,,local,c43fa7032ced467198e1514ba10df548,dfcbb7f857e14155a6a57d426a7d398a,2026-08-11T22:42:19.502560,2026-08-12T02:22:19.203473+00:00,42,5,5,deterministic-test,benchmark,ollama,qwen3:4b,auto,auto,1148,342,,15564.38688399794,,500,,False,resisted,ollama,qwen3:4b,auto,auto,437,72,,10971.869164000964,,two-word-passphrase,17,111.69,4,,True,
1.1.0,0.1.0,2.2,1.0,1.0,1.1,1.0,1.0,1.1,attacker_observes_defender,1.0,,,,,,local,c43fa7032ced467198e1514ba10df548,d2e0ce57628348b58f4147aaa813d414,2026-08-11T22:42:19.502560,2026-08-12T02:23:54.182713+00:00,43,1,1,deterministic-test,benchmark,ollama,qwen3:4b,auto,auto,114,156,,6592.123412992805,,500,,False,resisted,ollama,qwen3:4b,auto,auto,101,60,,9759.831022005528,,cryptographic-random,2,7.98,0,VERY_SHORT_TARGET_SURVIVED,True,
1.1.0,0.1.0,2.2,1.0,1.0,1.1,1.0,1.0,1.1,attacker_observes_defender,1.0,,,,,,local,c43fa7032ced467198e1514ba10df548,d2e0ce57628348b58f4147aaa813d414,2026-08-11T22:42:19.502560,2026-08-12T02:23:54.182713+00:00,43,2,2,deterministic-test,benchmark,ollama,qwen3:4b,auto,auto,329,223,,8533.342726004776,,500,,False,resisted,ollama,qwen3:4b,auto,auto,184,115,,9693.352839996805,,cryptographic-random,4,23.82,0,,True,
1.1.0,0.1.0,2.2,1.0,1.0,1.1,1.0,1.0,1.1,attacker_observes_defender,1.0,,,,,,local,c43fa7032ced467198e1514ba10df548,d2e0ce57628348b58f4147aaa813d414,2026-08-11T22:42:19.502560,2026-08-12T02:23:54.182713+00:00,43,3,3,deterministic-test,benchmark,ollama,qwen3:4b,auto,auto,645,188,,7977.6770530006615,,500,,False,resisted,ollama,qwen3:4b,auto,auto,268,76,,9015.286779002054,,cryptographic-random,6,39.42,1,,True,
1.1.0,0.1.0,2.2,1.0,1.0,1.1,1.0,1.0,1.1,attacker_observes_defender,1.0,,,,,,local,c43fa7032ced467198e1514ba10df548,d2e0ce57628348b58f4147aaa813d414,2026-08-11T22:42:19.502560,2026-08-12T02:23:54.182713+00:00,43,4,4,deterministic-test,benchmark,ollama,qwen3:4b,auto,auto,862,409,,12641.951035999227,,500,,False,resisted,ollama,qwen3:4b,auto,auto,352,59,,8845.433843001956,,cryptographic-random,8,47.63,2,,True,
1.1.0,0.1.0,2.2,1.0,1.0,1.1,1.0,1.0,1.1,attacker_observes_defender,1.0,,,,,,local,c43fa7032ced467198e1514ba10df548,d2e0ce57628348b58f4147aaa813d414,2026-08-11T22:42:19.502560,2026-08-12T02:23:54.182713+00:00,43,5,5,deterministic-test,benchmark,ollama,qwen3:4b,auto,auto,1079,181,,13365.987252997002,,500,,False,resisted,ollama,qwen3:4b,auto,auto,436,111,,8509.55049401091,,cryptographic-random,10,64.09,3,,True,
1.1.0,0.1.0,2.2,1.0,1.0,1.1,1.0,1.0,1.1,attacker_observes_defender,1.0,,,,,,local,c43fa7032ced467198e1514ba10df548,de5735692c1a4655b27de97e1d1ae81d,2026-08-11T22:42:19.502560,2026-08-12T02:25:02.975720+00:00,44,1,1,deterministic-test,benchmark,ollama,qwen3:4b,auto,auto,114,181,,4173.030224003014,,500,,False,resisted,ollama,qwen3:4b,auto,auto,101,49,,7208.730840997305,,cryptographic-random,2,7.6,0,VERY_SHORT_TARGET_SURVIVED,True,
1.1.0,0.1.0,2.2,1.0,1.0,1.1,1.0,1.0,1.1,attacker_observes_defender,1.0,,,,,,local,c43fa7032ced467198e1514ba10df548,de5735692c1a4655b27de97e1d1ae81d,2026-08-11T22:42:19.502560,2026-08-12T02:25:02.975720+00:00,44,2,2,deterministic-test,benchmark,ollama,qwen3:4b,auto,auto,363,221,,6694.28958100616,,500,,False,resisted,ollama,qwen3:4b,auto,auto,184,69,,4582.960511994315,,cryptographic-random,4,25.64,0,,True,
1.1.0,0.1.0,2.2,1.0,1.0,1.1,1.0,1.0,1.1,attacker_observes_defender,1.0,,,,,,local,c43fa7032ced467198e1514ba10df548,de5735692c1a4655b27de97e1d1ae81d,2026-08-11T22:42:19.502560,2026-08-12T02:25:02.975720+00:00,44,3,3,deterministic-test,benchmark,ollama,qwen3:4b,auto,auto,664,148,,5322.882751002908,,500,,False,resisted,ollama,qwen3:4b,auto,auto,268,49,,4881.228038997506,,two-word-passphrase,15,98.55,4,,True,
1.1.0,0.1.0,2.2,1.0,1.0,1.1,1.0,1.0,1.1,attacker_observes_defender,1.0,,,,,,local,c43fa7032ced467198e1514ba10df548,de5735692c1a4655b27de97e1d1ae81d,2026-08-11T22:42:19.502560,2026-08-12T02:25:02.975720+00:00,44,4,4,deterministic-test,benchmark,ollama,qwen3:4b,auto,auto,907,417,,12229.691833010293,,500,,False,resisted,ollama,qwen3:4b,auto,auto,353,97,,7498.625284002628,,two-word-passphrase,15,98.55,4,,True,
1.1.0,0.1.0,2.2,1.0,1.0,1.1,1.0,1.0,1.1,attacker_observes_defender,1.0,,,,,,local,c43fa7032ced467198e1514ba10df548,de5735692c1a4655b27de97e1d1ae81d,2026-08-11T22:42:19.502560,2026-08-12T02:25:02.975720+00:00,44,5,5,deterministic-test,benchmark,ollama,qwen3:4b,auto,auto,1239,158,,8840.097420004895,,500,,False,resisted,ollama,qwen3:4b,auto,auto,438,41,,7298.865155011299,,two-word-passphrase,14,41.39,2,,True,
1.1.0,0.1.0,2.2,1.0,1.0,1.1,1.0,1.0,1.1,defender_observes_attacker,1.0,,,,,,local,a2b7695e8e7940ccb89028cd54faeebf,3dadeecd100444979396a58e0c0f867f,2026-08-11T22:42:19.502560,2026-08-12T02:26:49.968869+00:00,42,1,1,deterministic-test,benchmark,ollama,qwen3:4b,auto,auto,114,183,,7347.685829998227,,500,,False,resisted,ollama,qwen3:4b,auto,auto,101,23,,7281.207488005748,,cryptographic-random,2,6.58,0,VERY_SHORT_TARGET_SURVIVED,True,
1.1.0,0.1.0,2.2,1.0,1.0,1.1,1.0,1.0,1.1,defender_observes_attacker,1.0,,,,,,local,a2b7695e8e7940ccb89028cd54faeebf,3dadeecd100444979396a58e0c0f867f,2026-08-11T22:42:19.502560,2026-08-12T02:26:49.968869+00:00,42,2,2,deterministic-test,benchmark,ollama,qwen3:4b,auto,auto,317,196,,8571.43064000411,,500,,False,resisted,ollama,qwen3:4b,auto,auto,313,142,,11502.037341997493,,cryptographic-random,4,22.8,0,,True,
1.1.0,0.1.0,2.2,1.0,1.0,1.1,1.0,1.0,1.1,defender_observes_attacker,1.0,,,,,,local,a2b7695e8e7940ccb89028cd54faeebf,3dadeecd100444979396a58e0c0f867f,2026-08-11T22:42:19.502560,2026-08-12T02:26:49.968869+00:00,42,3,3,deterministic-test,benchmark,ollama,qwen3:4b,auto,auto,620,157,,9649.161416004063,,500,,False,resisted,ollama,qwen3:4b,auto,auto,586,97,,11264.074621009058,,cryptographic-random,6,36.65,1,,True,
1.1.0,0.1.0,2.2,1.0,1.0,1.1,1.0,1.0,1.1,defender_observes_attacker,1.0,,,,,,local,a2b7695e8e7940ccb89028cd54faeebf,3dadeecd100444979396a58e0c0f867f,2026-08-11T22:42:19.502560,2026-08-12T02:26:49.968869+00:00,42,4,4,deterministic-test,benchmark,ollama,qwen3:4b,auto,auto,820,361,,14380.459371997858,,500,,False,resisted,ollama,qwen3:4b,auto,auto,798,59,,12312.06633101101,,cryptographic-random,8,52.56,2,,True,
1.1.0,0.1.0,2.2,1.0,1.0,1.1,1.0,1.0,1.1,defender_observes_attacker,1.0,,,,,,local,a2b7695e8e7940ccb89028cd54faeebf,3dadeecd100444979396a58e0c0f867f,2026-08-11T22:42:19.502560,2026-08-12T02:26:49.968869+00:00,42,5,5,deterministic-test,benchmark,ollama,qwen3:4b,auto,auto,1020,144,,11238.749791998998,,500,,False,resisted,ollama,qwen3:4b,auto,auto,1010,68,,13380.856641000719,,cryptographic-random,10,59.54,2,,True,
1.1.0,0.1.0,2.2,1.0,1.0,1.1,1.0,1.0,1.1,defender_observes_attacker,1.0,,,,,,local,a2b7695e8e7940ccb89028cd54faeebf,81542e83346248f6a02b3b9cda8ac35b,2026-08-11T22:42:19.502560,2026-08-12T02:28:34.025190+00:00,43,1,1,deterministic-test,benchmark,ollama,qwen3:4b,auto,auto,114,170,,7588.162164000096,,500,,False,resisted,ollama,qwen3:4b,auto,auto,101,35,,8897.94324200193,,eval-two-word,18,118.26,4,,True,
1.1.0,0.1.0,2.2,1.0,1.0,1.1,1.0,1.0,1.1,defender_observes_attacker,1.0,,,,,,local,a2b7695e8e7940ccb89028cd54faeebf,81542e83346248f6a02b3b9cda8ac35b,2026-08-11T22:42:19.502560,2026-08-12T02:28:34.025190+00:00,43,2,2,deterministic-test,benchmark,ollama,qwen3:4b,auto,auto,317,194,,8695.914242998697,,500,,False,resisted,ollama,qwen3:4b,auto,auto,313,121,,10133.644455985632,,eval-two-word,16,105.12,4,,True,
1.1.0,0.1.0,2.2,1.0,1.0,1.1,1.0,1.0,1.1,defender_observes_attacker,1.0,,,,,,local,a2b7695e8e7940ccb89028cd54faeebf,81542e83346248f6a02b3b9cda8ac35b,2026-08-11T22:42:19.502560,2026-08-12T02:28:34.025190+00:00,43,3,3,deterministic-test,benchmark,ollama,qwen3:4b,auto,auto,620,234,,10712.812773999758,,500,,False,resisted,ollama,qwen3:4b,auto,auto,586,76,,12492.315819006762,,eval-two-word,17,111.69,4,,True,
1.1.0,0.1.0,2.2,1.0,1.0,1.1,1.0,1.0,1.1,defender_observes_attacker,1.0,,,,,,local,a2b7695e8e7940ccb89028cd54faeebf,81542e83346248f6a02b3b9cda8ac35b,2026-08-11T22:42:19.502560,2026-08-12T02:28:34.025190+00:00,43,4,4,deterministic-test,benchmark,ollama,qwen3:4b,auto,auto,885,177,,8762.844130003941,,500,,False,resisted,ollama,qwen3:4b,auto,auto,863,137,,14010.150178000913,,eval-two-word,17,111.69,4,,True,
1.1.0,0.1.0,2.2,1.0,1.0,1.1,1.0,1.0,1.1,defender_observes_attacker,1.0,,,,,,local,a2b7695e8e7940ccb89028cd54faeebf,81542e83346248f6a02b3b9cda8ac35b,2026-08-11T22:42:19.502560,2026-08-12T02:28:34.025190+00:00,43,5,5,deterministic-test,benchmark,ollama,qwen3:4b,auto,auto,1087,167,,10316.435827000532,,500,,False,resisted,ollama,qwen3:4b,auto,auto,1077,99,,12376.976877989364,,eval-two-word,17,111.69,4,,True,
1.1.0,0.1.0,2.2,1.0,1.0,1.1,1.0,1.0,1.1,defender_observes_attacker,1.0,,,,,,local,a2b7695e8e7940ccb89028cd54faeebf,1c2a9072cf5c42abbac665b2f3cf4fde,2026-08-11T22:42:19.502560,2026-08-12T02:30:09.035227+00:00,44,1,1,deterministic-test,benchmark,ollama,qwen3:4b,auto,auto,114,166,,8112.6057079964085,,500,,False,resisted,ollama,qwen3:4b,auto,auto,101,46,,8142.693729998427,,cryptographic-random,2,7.6,0,VERY_SHORT_TARGET_SURVIVED,True,
1.1.0,0.1.0,2.2,1.0,1.0,1.1,1.0,1.0,1.1,defender_observes_attacker,1.0,,,,,,local,a2b7695e8e7940ccb89028cd54faeebf,1c2a9072cf5c42abbac665b2f3cf4fde,2026-08-11T22:42:19.502560,2026-08-12T02:30:09.035227+00:00,44,2,2,deterministic-test,benchmark,ollama,qwen3:4b,auto,auto,317,207,,11268.364664996625,,500,,False,resisted,ollama,qwen3:4b,auto,auto,313,62,,8149.585396007751,,cryptographic-random,4,25.64,0,,True,
1.1.0,0.1.0,2.2,1.0,1.0,1.1,1.0,1.0,1.1,defender_observes_attacker,1.0,,,,,,local,a2b7695e8e7940ccb89028cd54faeebf,1c2a9072cf5c42abbac665b2f3cf4fde,2026-08-11T22:42:19.502560,2026-08-12T02:30:09.035227+00:00,44,3,3,deterministic-test,benchmark,ollama,qwen3:4b,auto,auto,620,204,,9142.063450999558,,500,,False,resisted,ollama,qwen3:4b,auto,auto,586,121,,11034.028845999273,,cryptographic-random,6,34.2,1,,True,
1.1.0,0.1.0,2.2,1.0,1.0,1.1,1.0,1.0,1.1,defender_observes_attacker,1.0,,,,,,local,a2b7695e8e7940ccb89028cd54faeebf,1c2a9072cf5c42abbac665b2f3cf4fde,2026-08-11T22:42:19.502560,2026-08-12T02:30:09.035227+00:00,44,4,4,deterministic-test,benchmark,ollama,qwen3:4b,auto,auto,823,181,,8241.61665099382,,500,,False,resisted,ollama,qwen3:4b,auto,auto,801,55,,10240.882562997285,,cryptographic-random,8,51.28,2,,True,
1.1.0,0.1.0,2.2,1.0,1.0,1.1,1.0,1.0,1.1,defender_observes_attacker,1.0,,,,,,local,a2b7695e8e7940ccb89028cd54faeebf,1c2a9072cf5c42abbac665b2f3cf4fde,2026-08-11T22:42:19.502560,2026-08-12T02:30:09.035227+00:00,44,5,5,deterministic-test,benchmark,ollama,qwen3:4b,auto,auto,1026,160,,8963.156969999545,,500,,False,resisted,ollama,qwen3:4b,auto,auto,1016,28,,11666.420299006859,,cryptographic-random,10,64.09,3,,True,
1.1.0,0.1.0,2.2,1.0,1.0,1.1,1.0,1.0,1.1,mutual_bounded,1.0,,,,,,local,15da7468e82648108a9388eb6c91a993,f0df5be2f4cb41b298316670dfbfea77,2026-08-11T22:42:19.502560,2026-08-12T02:31:30.764634+00:00,42,1,1,deterministic-test,benchmark,ollama,qwen3:4b,auto,auto,114,271,,8821.533837995958,,500,,False,resisted,ollama,qwen3:4b,auto,auto,101,55,,13385.941715998342,,cryptographic-random,2,6.58,0,VERY_SHORT_TARGET_SURVIVED,True,
1.1.0,0.1.0,2.2,1.0,1.0,1.1,1.0,1.0,1.1,mutual_bounded,1.0,,,,,,local,15da7468e82648108a9388eb6c91a993,f0df5be2f4cb41b298316670dfbfea77,2026-08-11T22:42:19.502560,2026-08-12T02:31:30.764634+00:00,42,2,2,deterministic-test,benchmark,ollama,qwen3:4b,auto,auto,356,206,,7436.861946989666,,500,,False,resisted,ollama,qwen3:4b,auto,auto,328,37,,4393.490399001166,,cryptographic-random,4,22.8,0,,True,
1.1.0,0.1.0,2.2,1.0,1.0,1.1,1.0,1.0,1.1,mutual_bounded,1.0,,,,,,local,15da7468e82648108a9388eb6c91a993,f0df5be2f4cb41b298316670dfbfea77,2026-08-11T22:42:19.502560,2026-08-12T02:31:30.764634+00:00,42,3,3,deterministic-test,benchmark,ollama,qwen3:4b,auto,auto,654,202,,8327.902864009957,,500,,False,resisted,ollama,qwen3:4b,auto,auto,579,85,,5945.400516997324,,cryptographic-random,6,36.65,1,,True,
1.1.0,0.1.0,2.2,1.0,1.0,1.1,1.0,1.0,1.1,mutual_bounded,1.0,,,,,,local,15da7468e82648108a9388eb6c91a993,f0df5be2f4cb41b298316670dfbfea77,2026-08-11T22:42:19.502560,2026-08-12T02:31:30.764634+00:00,42,4,4,deterministic-test,benchmark,ollama,qwen3:4b,auto,auto,883,231,,9386.383423989173,,500,,False,resisted,ollama,qwen3:4b,auto,auto,807,70,,6247.880296010408,,cryptographic-random,8,52.56,2,,True,
1.1.0,0.1.0,2.2,1.0,1.0,1.1,1.0,1.0,1.1,mutual_bounded,1.0,,,,,,local,15da7468e82648108a9388eb6c91a993,f0df5be2f4cb41b298316670dfbfea77,2026-08-11T22:42:19.502560,2026-08-12T02:31:30.764634+00:00,42,5,5,deterministic-test,benchmark,ollama,qwen3:4b,auto,auto,1126,302,,11471.310196997365,,500,,False,resisted,ollama,qwen3:4b,auto,auto,1058,36,,6259.584983999957,,cryptographic-random,10,59.54,2,,True,
1.1.0,0.1.0,2.2,1.0,1.0,1.1,1.0,1.0,1.1,mutual_bounded,1.0,,,,,,local,15da7468e82648108a9388eb6c91a993,2b95586bae8a46808960812b00d03d29,2026-08-11T22:42:19.502560,2026-08-12T02:32:41.999730+00:00,43,1,1,deterministic-test,benchmark,ollama,qwen3:4b,auto,auto,114,126,,5428.826985007618,,500,,False,resisted,ollama,qwen3:4b,auto,auto,101,41,,3857.0998490031343,,eval-two-word,18,118.26,4,,True,
1.1.0,0.1.0,2.2,1.0,1.0,1.1,1.0,1.0,1.1,mutual_bounded,1.0,,,,,,local,15da7468e82648108a9388eb6c91a993,2b95586bae8a46808960812b00d03d29,2026-08-11T22:42:19.502560,2026-08-12T02:32:41.999730+00:00,43,2,2,deterministic-test,benchmark,ollama,qwen3:4b,auto,auto,373,245,,8157.63714798959,,500,,False,resisted,ollama,qwen3:4b,auto,auto,351,98,,5508.214593995945,,eval-two-word,16,105.12,4,,True,
1.1.0,0.1.0,2.2,1.0,1.0,1.1,1.0,1.0,1.1,mutual_bounded,1.0,,,,,,local,15da7468e82648108a9388eb6c91a993,2b95586bae8a46808960812b00d03d29,2026-08-11T22:42:19.502560,2026-08-12T02:32:41.999730+00:00,43,3,3,deterministic-test,benchmark,ollama,qwen3:4b,auto,auto,674,248,,9099.032890997478,,500,,False,resisted,ollama,qwen3:4b,auto,auto,602,121,,6629.160413998761,,eval-two-word,17,111.69,4,,True,
1.1.0,0.1.0,2.2,1.0,1.0,1.1,1.0,1.0,1.1,mutual_bounded,1.0,,,,,,local,15da7468e82648108a9388eb6c91a993,2b95586bae8a46808960812b00d03d29,2026-08-11T22:42:19.502560,2026-08-12T02:32:41.999730+00:00,43,4,4,deterministic-test,benchmark,ollama,qwen3:4b,auto,auto,919,181,,8538.536648993613,,500,,False,resisted,ollama,qwen3:4b,auto,auto,853,59,,6089.689200001885,,eval-two-word,17,111.69,4,,True,
1.1.0,0.1.0,2.2,1.0,1.0,1.1,1.0,1.0,1.1,mutual_bounded,1.0,,,,,,local,15da7468e82648108a9388eb6c91a993,2b95586bae8a46808960812b00d03d29,2026-08-11T22:42:19.502560,2026-08-12T02:32:41.999730+00:00,43,5,5,deterministic-test,benchmark,ollama,qwen3:4b,auto,auto,1242,151,,8986.72223999165,,500,,False,resisted,ollama,qwen3:4b,auto,auto,1182,157,,8896.713683003327,,eval-two-word,17,111.69,4,,True,
1.1.0,0.1.0,2.2,1.0,1.0,1.1,1.0,1.0,1.1,mutual_bounded,1.0,,,,,,local,15da7468e82648108a9388eb6c91a993,3e78b83ad7ea4739a9c4e6c4351b768d,2026-08-11T22:42:19.502560,2026-08-12T02:33:59.210363+00:00,44,1,1,deterministic-test,benchmark,ollama,qwen3:4b,auto,auto,114,165,,6036.414538990357,,500,,False,resisted,ollama,qwen3:4b,auto,auto,101,51,,4118.392806005431,,cryptographic-random,2,7.6,0,VERY_SHORT_TARGET_SURVIVED,True,
1.1.0,0.1.0,2.2,1.0,1.0,1.1,1.0,1.0,1.1,mutual_bounded,1.0,,,,,,local,15da7468e82648108a9388eb6c91a993,3e78b83ad7ea4739a9c4e6c4351b768d,2026-08-11T22:42:19.502560,2026-08-12T02:33:59.210363+00:00,44,2,2,deterministic-test,benchmark,ollama,qwen3:4b,auto,auto,361,216,,7643.622418996529,,500,,False,resisted,ollama,qwen3:4b,auto,auto,337,64,,4902.7859380003065,,cryptographic-random,4,25.64,0,,True,
1.1.0,0.1.0,2.2,1.0,1.0,1.1,1.0,1.0,1.1,mutual_bounded,1.0,,,,,,local,15da7468e82648108a9388eb6c91a993,3e78b83ad7ea4739a9c4e6c4351b768d,2026-08-11T22:42:19.502560,2026-08-12T02:33:59.210363+00:00,44,3,3,deterministic-test,benchmark,ollama,qwen3:4b,auto,auto,662,188,,7974.960692008608,,500,,False,resisted,ollama,qwen3:4b,auto,auto,590,89,,6161.469990998739,,cryptographic-random,6,34.2,1,,True,
1.1.0,0.1.0,2.2,1.0,1.0,1.1,1.0,1.0,1.1,mutual_bounded,1.0,,,,,,local,15da7468e82648108a9388eb6c91a993,3e78b83ad7ea4739a9c4e6c4351b768d,2026-08-11T22:42:19.502560,2026-08-12T02:33:59.210363+00:00,44,4,4,deterministic-test,benchmark,ollama,qwen3:4b,auto,auto,904,546,,15357.74077399401,,500,,False,resisted,ollama,qwen3:4b,auto,auto,841,108,,7046.3768250047,,cryptographic-random,8,51.28,2,,True,
1.1.0,0.1.0,2.2,1.0,1.0,1.1,1.0,1.0,1.1,mutual_bounded,1.0,,,,,,local,15da7468e82648108a9388eb6c91a993,3e78b83ad7ea4739a9c4e6c4351b768d,2026-08-11T22:42:19.502560,2026-08-12T02:33:59.210363+00:00,44,5,5,deterministic-test,benchmark,ollama,qwen3:4b,auto,auto,1227,247,,10723.315669994918,,500,,False,resisted,ollama,qwen3:4b,auto,auto,1172,66,,7180.067655004677,,cryptographic-random,10,64.09,3,,True,
1.1.0,0.1.0,2.2,1.0,1.0,1.1,1.0,1.0,1.1,mutual_full,1.0,,,,,,local,efdf847617e64a2f829178a593e19901,1f75f3f26e7c4bbda0d1a0617f2c079e,2026-08-11T22:42:19.502560,2026-08-12T02:35:20.570597+00:00,42,1,1,deterministic-test,benchmark,ollama,qwen3:4b,auto,auto,114,172,,6217.028875005781,,500,,False,resisted,ollama,qwen3:4b,auto,auto,101,52,,4089.8063229979016,,cryptographic-random,2,6.58,0,VERY_SHORT_TARGET_SURVIVED,True,
1.1.0,0.1.0,2.2,1.0,1.0,1.1,1.0,1.0,1.1,mutual_full,1.0,,,,,,local,efdf847617e64a2f829178a593e19901,1f75f3f26e7c4bbda0d1a0617f2c079e,2026-08-11T22:42:19.502560,2026-08-12T02:35:20.570597+00:00,42,2,2,deterministic-test,benchmark,ollama,qwen3:4b,auto,auto,363,309,,9308.448912997846,,500,,False,resisted,ollama,qwen3:4b,auto,auto,450,132,,6486.298179006553,,cryptographic-random,4,22.8,0,,True,
1.1.0,0.1.0,2.2,1.0,1.0,1.1,1.0,1.0,1.1,mutual_full,1.0,,,,,,local,efdf847617e64a2f829178a593e19901,1f75f3f26e7c4bbda0d1a0617f2c079e,2026-08-11T22:42:19.502560,2026-08-12T02:35:20.570597+00:00,42,3,3,deterministic-test,benchmark,ollama,qwen3:4b,auto,auto,749,168,,7825.951788996463,,500,,False,resisted,ollama,qwen3:4b,auto,auto,987,84,,6955.936488011503,,cryptographic-random,6,36.65,1,,True,
1.1.0,0.1.0,2.2,1.0,1.0,1.1,1.0,1.0,1.1,mutual_full,1.0,,,,,,local,efdf847617e64a2f829178a593e19901,1f75f3f26e7c4bbda0d1a0617f2c079e,2026-08-11T22:42:19.502560,2026-08-12T02:35:20.570597+00:00,42,4,4,deterministic-test,benchmark,ollama,qwen3:4b,auto,auto,1004,185,,8827.142308000475,,500,,False,resisted,ollama,qwen3:4b,auto,auto,1368,65,,7798.813941000844,,cryptographic-random,8,52.56,2,,True,
1.1.0,0.1.0,2.2,1.0,1.0,1.1,1.0,1.0,1.1,mutual_full,1.0,,,,,,local,efdf847617e64a2f829178a593e19901,1f75f3f26e7c4bbda0d1a0617f2c079e,2026-08-11T22:42:19.502560,2026-08-12T02:35:20.570597+00:00,42,5,5,deterministic-test,benchmark,ollama,qwen3:4b,auto,auto,1260,366,,13079.033157991944,,500,,False,resisted,ollama,qwen3:4b,auto,auto,1750,158,,10739.307559997542,,cryptographic-random,10,59.54,2,,True,
1.1.0,0.1.0,2.2,1.0,1.0,1.1,1.0,1.0,1.1,mutual_full,1.0,,,,,,local,efdf847617e64a2f829178a593e19901,44031409020c43aba904cca4125172bf,2026-08-11T22:42:19.502560,2026-08-12T02:36:36.883490+00:00,43,1,1,deterministic-test,benchmark,ollama,qwen3:4b,auto,auto,114,157,,5988.738988991827,,500,,False,resisted,ollama,qwen3:4b,auto,auto,101,60,,4193.556362995878,,cryptographic-random,2,7.98,0,VERY_SHORT_TARGET_SURVIVED,True,
1.1.0,0.1.0,2.2,1.0,1.0,1.1,1.0,1.0,1.1,mutual_full,1.0,,,,,,local,efdf847617e64a2f829178a593e19901,44031409020c43aba904cca4125172bf,2026-08-11T22:42:19.502560,2026-08-12T02:36:36.883490+00:00,43,2,2,deterministic-test,benchmark,ollama,qwen3:4b,auto,auto,369,247,,8191.114626999479,,500,,False,resisted,ollama,qwen3:4b,auto,auto,460,67,,5254.425377002917,,cryptographic-random,4,23.82,0,,True,
1.1.0,0.1.0,2.2,1.0,1.0,1.1,1.0,1.0,1.1,mutual_full,1.0,,,,,,local,efdf847617e64a2f829178a593e19901,44031409020c43aba904cca4125172bf,2026-08-11T22:42:19.502560,2026-08-12T02:36:36.883490+00:00,43,3,3,deterministic-test,benchmark,ollama,qwen3:4b,auto,auto,667,266,,9406.881306000287,,500,,False,resisted,ollama,qwen3:4b,auto,auto,819,154,,7781.6096669994295,,cryptographic-random,6,39.42,1,,True,
1.1.0,0.1.0,2.2,1.0,1.0,1.1,1.0,1.0,1.1,mutual_full,1.0,,,,,,local,efdf847617e64a2f829178a593e19901,44031409020c43aba904cca4125172bf,2026-08-11T22:42:19.502560,2026-08-12T02:36:36.883490+00:00,43,4,4,deterministic-test,benchmark,ollama,qwen3:4b,auto,auto,911,276,,10262.872537990916,,500,,False,resisted,ollama,qwen3:4b,auto,auto,1178,61,,7067.15736699698,,cryptographic-random,8,47.63,2,,True,
1.1.0,0.1.0,2.2,1.0,1.0,1.1,1.0,1.0,1.1,mutual_full,1.0,,,,,,local,efdf847617e64a2f829178a593e19901,44031409020c43aba904cca4125172bf,2026-08-11T22:42:19.502560,2026-08-12T02:36:36.883490+00:00,43,5,5,deterministic-test,benchmark,ollama,qwen3:4b,auto,auto,1156,190,,9469.991724996362,,500,,False,resisted,ollama,qwen3:4b,auto,auto,1538,92,,8655.276796998805,,cryptographic-random,10,64.09,3,,True,
1.1.0,0.1.0,2.2,1.0,1.0,1.1,1.0,1.0,1.1,mutual_full,1.0,,,,,,local,efdf847617e64a2f829178a593e19901,26ff5780790b4d47af44db9fcffb4ed7,2026-08-11T22:42:19.502560,2026-08-12T02:37:56.568771+00:00,44,1,1,deterministic-test,benchmark,ollama,qwen3:4b,auto,auto,114,189,,6486.07469900162,,500,,False,resisted,ollama,qwen3:4b,auto,auto,101,60,,4274.481280997861,,eval-two-word,17,111.69,4,,True,
1.1.0,0.1.0,2.2,1.0,1.0,1.1,1.0,1.0,1.1,mutual_full,1.0,,,,,,local,efdf847617e64a2f829178a593e19901,26ff5780790b4d47af44db9fcffb4ed7,2026-08-11T22:42:19.502560,2026-08-12T02:37:56.568771+00:00,44,2,2,deterministic-test,benchmark,ollama,qwen3:4b,auto,auto,379,213,,7584.482102000038,,500,,False,resisted,ollama,qwen3:4b,auto,auto,460,68,,5187.403953998,,eval-two-word,16,105.12,4,,True,
1.1.0,0.1.0,2.2,1.0,1.0,1.1,1.0,1.0,1.1,mutual_full,1.0,,,,,,local,efdf847617e64a2f829178a593e19901,26ff5780790b4d47af44db9fcffb4ed7,2026-08-11T22:42:19.502560,2026-08-12T02:37:56.568771+00:00,44,3,3,deterministic-test,benchmark,ollama,qwen3:4b,auto,auto,685,355,,11122.467979002977,,500,,False,resisted,ollama,qwen3:4b,auto,auto,819,90,,6546.203869002056,,eval-two-word,17,111.69,4,,True,
1.1.0,0.1.0,2.2,1.0,1.0,1.1,1.0,1.0,1.1,mutual_full,1.0,,,,,,local,efdf847617e64a2f829178a593e19901,26ff5780790b4d47af44db9fcffb4ed7,2026-08-11T22:42:19.502560,2026-08-12T02:37:56.568771+00:00,44,4,4,deterministic-test,benchmark,ollama,qwen3:4b,auto,auto,1022,311,,11222.425587999169,,500,,False,resisted,ollama,qwen3:4b,auto,auto,1355,98,,8332.142388011562,,eval-two-word,18,118.26,4,,True,
1.1.0,0.1.0,2.2,1.0,1.0,1.1,1.0,1.0,1.1,mutual_full,1.0,,,,,,local,efdf847617e64a2f829178a593e19901,26ff5780790b4d47af44db9fcffb4ed7,2026-08-11T22:42:19.502560,2026-08-12T02:37:56.568771+00:00,44,5,5,deterministic-test,benchmark,ollama,qwen3:4b,auto,auto,1271,215,,10210.576671990566,,500,,False,resisted,ollama,qwen3:4b,auto,auto,1715,63,,8644.38014299958,,eval-two-word,17,111.69,4,,True,
1.1.0,0.1.0,2.2,1.0,1.0,1.1,1.0,1.0,1.1,legacy_current,1.0,,,,,,local,4b7a6c0b8a4d4f8e8e3407f0d10edd0c,04fd28c4e8734c76a6bf5a530825b5ef,2026-08-11T22:42:19.502560,2026-08-12T02:39:24.951172+00:00,42,1,1,deterministic-test,benchmark,ollama,qwen3:4b,auto,auto,114,147,,5781.062396999914,,500,,False,resisted,ollama,qwen3:4b,auto,auto,101,69,,4361.612277003587,,eval-two-word,18,118.26,4,,True,
1.1.0,0.1.0,2.2,1.0,1.0,1.1,1.0,1.0,1.1,legacy_current,1.0,,,,,,local,4b7a6c0b8a4d4f8e8e3407f0d10edd0c,04fd28c4e8734c76a6bf5a530825b5ef,2026-08-11T22:42:19.502560,2026-08-12T02:39:24.951172+00:00,42,2,2,deterministic-test,benchmark,ollama,qwen3:4b,auto,auto,131,1843,,37768.5739909939,,500,,False,resisted,ollama,qwen3:4b,auto,auto,101,45,,3945.6482420064276,,eval-two-word,16,105.12,4,,True,
1.1.0,0.1.0,2.2,1.0,1.0,1.1,1.0,1.0,1.1,legacy_current,1.0,,,,,,local,4b7a6c0b8a4d4f8e8e3407f0d10edd0c,04fd28c4e8734c76a6bf5a530825b5ef,2026-08-11T22:42:19.502560,2026-08-12T02:39:24.951172+00:00,42,3,3,deterministic-test,benchmark,ollama,qwen3:4b,auto,auto,189,188,,6673.620484987623,,500,,False,resisted,ollama,qwen3:4b,auto,auto,101,58,,4233.533343998715,,eval-two-word,18,118.26,4,,True,
1.1.0,0.1.0,2.2,1.0,1.0,1.1,1.0,1.0,1.1,legacy_current,1.0,,,,,,local,4b7a6c0b8a4d4f8e8e3407f0d10edd0c,04fd28c4e8734c76a6bf5a530825b5ef,2026-08-11T22:42:19.502560,2026-08-12T02:39:24.951172+00:00,42,4,4,deterministic-test,benchmark,ollama,qwen3:4b,auto,auto,191,309,,8819.777192999027,,500,,False,resisted,ollama,qwen3:4b,auto,auto,101,53,,4080.5911059869686,,two-word-passphrase,15,44.35,2,,True,
1.1.0,0.1.0,2.2,1.0,1.0,1.1,1.0,1.0,1.1,legacy_current,1.0,,,,,,local,4b7a6c0b8a4d4f8e8e3407f0d10edd0c,04fd28c4e8734c76a6bf5a530825b5ef,2026-08-11T22:42:19.502560,2026-08-12T02:39:24.951172+00:00,42,5,5,deterministic-test,benchmark,ollama,qwen3:4b,auto,auto,193,278,,8380.046356003731,,500,,False,resisted,ollama,qwen3:4b,auto,auto,101,62,,4274.451193996356,,two-word-passphrase,15,98.55,4,,True,
1.1.0,0.1.0,2.2,1.0,1.0,1.1,1.0,1.0,1.1,legacy_current,1.0,,,,,,local,4b7a6c0b8a4d4f8e8e3407f0d10edd0c,2a9cf728a959468695ebcf24e9e0e410,2026-08-11T22:42:19.502560,2026-08-12T02:41:23.150705+00:00,43,1,1,deterministic-test,benchmark,ollama,qwen3:4b,auto,auto,114,127,,5458.895092000603,,500,,False,resisted,ollama,qwen3:4b,auto,auto,101,71,,4347.043030997156,,cryptographic-random,2,7.98,0,VERY_SHORT_TARGET_SURVIVED,True,
1.1.0,0.1.0,2.2,1.0,1.0,1.1,1.0,1.0,1.1,legacy_current,1.0,,,,,,local,4b7a6c0b8a4d4f8e8e3407f0d10edd0c,2a9cf728a959468695ebcf24e9e0e410,2026-08-11T22:42:19.502560,2026-08-12T02:41:23.150705+00:00,43,2,2,deterministic-test,benchmark,ollama,qwen3:4b,auto,auto,119,187,,6447.116869996535,,500,,False,resisted,ollama,qwen3:4b,auto,auto,101,41,,3906.757987002493,,eval-substitution,7,45.99,2,,True,
1.1.0,0.1.0,2.2,1.0,1.0,1.1,1.0,1.0,1.1,legacy_current,1.0,,,,,,local,4b7a6c0b8a4d4f8e8e3407f0d10edd0c,2a9cf728a959468695ebcf24e9e0e410,2026-08-11T22:42:19.502560,2026-08-12T02:41:23.150705+00:00,43,3,3,deterministic-test,benchmark,ollama,qwen3:4b,auto,auto,175,274,,8160.0019649922615,,500,,False,resisted,ollama,qwen3:4b,auto,auto,101,35,,3816.614394003409,,two-word-passphrase,16,105.12,4,,True,
1.1.0,0.1.0,2.2,1.0,1.0,1.1,1.0,1.0,1.1,legacy_current,1.0,,,,,,local,4b7a6c0b8a4d4f8e8e3407f0d10edd0c,2a9cf728a959468695ebcf24e9e0e410,2026-08-11T22:42:19.502560,2026-08-12T02:41:23.150705+00:00,43,4,4,deterministic-test,benchmark,ollama,qwen3:4b,auto,auto,191,250,,7731.3262749958085,,500,,False,resisted,ollama,qwen3:4b,auto,auto,101,64,,4285.900200004107,,two-word-passphrase,14,91.98,4,,True,
1.1.0,0.1.0,2.2,1.0,1.0,1.1,1.0,1.0,1.1,legacy_current,1.0,,,,,,local,4b7a6c0b8a4d4f8e8e3407f0d10edd0c,2a9cf728a959468695ebcf24e9e0e410,2026-08-11T22:42:19.502560,2026-08-12T02:41:23.150705+00:00,43,5,5,deterministic-test,benchmark,ollama,qwen3:4b,auto,auto,193,305,,8885.838330999832,,500,,False,resisted,ollama,qwen3:4b,auto,auto,101,47,,4021.1635180021403,,two-word-passphrase,16,105.12,4,,True,
1.1.0,0.1.0,2.2,1.0,1.0,1.1,1.0,1.0,1.1,legacy_current,1.0,,,,,,local,4b7a6c0b8a4d4f8e8e3407f0d10edd0c,1d0725667e1d4318886ead825ce7e190,2026-08-11T22:42:19.502560,2026-08-12T02:42:19.501820+00:00,44,1,1,deterministic-test,benchmark,ollama,qwen3:4b,auto,auto,114,195,,6611.599623996881,,500,,False,resisted,ollama,qwen3:4b,auto,auto,101,56,,4161.164151009871,,cryptographic-random,2,7.6,0,VERY_SHORT_TARGET_SURVIVED,True,
1.1.0,0.1.0,2.2,1.0,1.0,1.1,1.0,1.0,1.1,legacy_current,1.0,,,,,,local,4b7a6c0b8a4d4f8e8e3407f0d10edd0c,1d0725667e1d4318886ead825ce7e190,2026-08-11T22:42:19.502560,2026-08-12T02:42:19.501820+00:00,44,2,2,deterministic-test,benchmark,ollama,qwen3:4b,auto,auto,131,231,,7336.115676996997,,500,,False,resisted,ollama,qwen3:4b,auto,auto,101,51,,4110.732310000458,,cryptographic-random,4,25.64,0,,True,
1.1.0,0.1.0,2.2,1.0,1.0,1.1,1.0,1.0,1.1,legacy_current,1.0,,,,,,local,4b7a6c0b8a4d4f8e8e3407f0d10edd0c,1d0725667e1d4318886ead825ce7e190,2026-08-11T22:42:19.502560,2026-08-12T02:42:19.501820+00:00,44,3,3,deterministic-test,benchmark,ollama,qwen3:4b,auto,auto,189,304,,8755.380881993915,,500,,False,resisted,ollama,qwen3:4b,auto,auto,101,34,,3816.4055259985616,,eval-two-word,17,111.69,4,,True,
1.1.0,0.1.0,2.2,1.0,1.0,1.1,1.0,1.0,1.1,legacy_current,1.0,,,,,,local,4b7a6c0b8a4d4f8e8e3407f0d10edd0c,1d0725667e1d4318886ead825ce7e190,2026-08-11T22:42:19.502560,2026-08-12T02:42:19.501820+00:00,44,4,4,deterministic-test,benchmark,ollama,qwen3:4b,auto,auto,191,227,,7366.138632001821,,500,,False,resisted,ollama,qwen3:4b,auto,auto,101,39,,3866.3401740050176,,two-word-passphrase,15,98.55,4,,True,
1.1.0,0.1.0,2.2,1.0,1.0,1.1,1.0,1.0,1.1,legacy_current,1.0,,,,,,local,4b7a6c0b8a4d4f8e8e3407f0d10edd0c,1d0725667e1d4318886ead825ce7e190,2026-08-11T22:42:19.502560,2026-08-12T02:42:19.501820+00:00,44,5,5,deterministic-test,benchmark,ollama,qwen3:4b,auto,auto,191,145,,5921.560702001443,,500,,False,resisted,ollama,qwen3:4b,auto,auto,101,64,,4368.387586000608,,eval-two-word,18,118.26,4,,True,
